{"cameraMode":{"drawMode":0,"name":"Shaded","section":"Shading Mode"},"sceneLighting":true,"audioPlay":false,"sceneViewState":{"showFog":true,"showMaterialUpdate":false,"showSkybox":true,"showFlares":true,"showImageEffects":true,"showParticleSystems":true},"in2DMode":false,"pivot":{"x":0.2569088935852051,"y":2.3874151706695558,"z":0.5},"rotation":{"x":0.019595351070165635,"y":-0.3575376570224762,"z":0.0075491638854146,"w":0.9336991310119629},"size":14.048222541809082,"orthographic":true}